"Pos.";"Anlage";"Gewerk";"Leistung";"Norm / Rechtsgrundlage";"Zyklus";"Preis (EUR)";"Ausführung"
"1.1";"Personenaufzug Haupttreppenhaus";"Fördertechnik";"Wartung nach Herstellervorgaben";"DIN EN 13015";"halbjährlich";"480";"Nachunternehmer"
"1.2";"Personenaufzug Haupttreppenhaus";"Fördertechnik";"Hauptprüfung durch zugelassene Überwachungsstelle";"BetrSichV § 16";"zweijährlich";"650";"Nachunternehmer"
"2.1";"Brandmeldeanlage (BMA)";"Brandschutz";"Inspektion und Wartung inkl. Meldertausch nach Bedarf";"DIN 14675, VDE 0833";"vierteljährlich";"390";"Nachunternehmer"
"2.2";"Rauch- und Wärmeabzugsanlage (RWA)";"Brandschutz";"Wartung und Funktionsprüfung";"DIN 18232";"jährlich";"520";"Nachunternehmer"
"2.3";"Feuerlöscher (42 Stück)";"Brandschutz";"Instandhaltungsprüfung";"DIN 14406-4";"zweijährlich";"210";"Nachunternehmer"
"2.4";"Sicherheitsbeleuchtung";"Elektro";"Funktionsprüfung und Dokumentation";"DIN EN 50172";"jährlich";"300";"Eigenleistung"
"3.1";"RLT-Anlage Bürotrakt Nord";"Lüftung/Klima";"Wartung inkl. Filterwechsel";"VDI 6022";"halbjährlich";"440";"Eigenleistung"
"3.2";"RLT-Anlage Bürotrakt Süd";"Lüftung/Klima";"Wartung inkl. Filterwechsel";"VDI 6022";"halbjährlich";"440";"Eigenleistung"
"4.1";"Heizungsanlage Gas-Brennwertkessel";"Heizung";"Jahreswartung Kessel und Brenner";"DIN EN 15378";"jährlich";"450";"Eigenleistung"
"4.2";"Trinkwasseranlage";"Sanitär";"Legionellenuntersuchung (Probenahme an 6 Stellen)";"TrinkwV § 31";"jährlich";"380";"Nachunternehmer"
"5.1";"Blitzschutzanlage";"Elektro";"Wiederkehrende Prüfung";"DIN EN 62305-3";"jährlich";"360";"Nachunternehmer"
"5.2";"Ortsveränderliche elektrische Betriebsmittel";"Elektro";"Prüfung nach DGUV Vorschrift 3";"DGUV Vorschrift 3";"jährlich";"620";"Eigenleistung"
"5.3";"Netzersatzanlage (NEA)";"Elektro";"Probelauf unter Last";"DIN 6280-13";"monatlich";"95";"Eigenleistung"
"6.1";"Rolltor Tiefgarage";"Tore/Türen";"Sachkundigenprüfung";"ASR A1.7";"jährlich";"180";"Nachunternehmer"